Workbook

Sheet README
A1: Trust Register — Trust Half-Life Template
A2: Perishable Security · v0.1 · Rui Soares
A4: WHAT THIS IS
A5: A register of components whose security is, at heart, a cost argument — and an estimate of how long that argument holds.
A6: Trust half-life = estimated time until a component's break-cost falls below what an attacker would gain by breaking it.
A7: The question is not 'is it secure?' but 'how long until it isn't?'
A9: THE RULE
A10: Act when the trust half-life drops below the time you need: migration time + protection horizon.
A11: Margin = Half-life LOW − (Migration time + Protection horizon). Pessimistic on purpose: it uses the low end of your range.
A12: Margin < 0 → EXPOSED (act now). 0 ≤ Margin < amber threshold (Settings) → AMBER (plan migration). Otherwise → GREEN.
A13: Protection horizon generalises Mosca's inequality: how long the protected thing must stay safe from today. 0 for live authentication; years for confidential data that could be harvested now and decrypted later.
A15: HOW TO USE
... A35: Credits: Auguste Kerckhoffs (1883); Michele Mosca (quantum-risk inequality); cryptoperiod practice in key management.

Sheet Trust Register
A1: ID | B1: Component | C1: What it protects | D1: Owner | E1: Security rests on (cost assumption) | F1: Dominant decay force | G1: Shape | H1: Payoff trend | I1: Half-life LOW (yrs) | J1: Half-life HIGH (yrs) | K1: Confidence | L1: Migration time (yrs) | M1: Slowest dependency | N1: Protection horizon (yrs) | O1: Required time (yrs) | P1: Margin (yrs) | Q1: Status | R1: Listening post / feed | S1: Pre-written plan? | T1: Plan ref | U1: Private-break likelihood | V1: Last review | W1: Next review | X1: Notes / sources
A2: EX-001 | B2: SMS one-time passcodes (customer & staff login) | C2: Account access | D2: IAM lead | E2: Cost of redirecting or intercepting SMS (SIM swap, SS7) and of relaying codes in real time | F2: Published techniques | G2: Slide | H2: Rising | I2: 0 | J2: 1 | K2: Medium | L2: 2 | M2: Helpdesk recovery flow; users without smartphones | N2: 0 | O2: =IF(AND(L2="",N2=""),"",N(L2)+N(N2)) -> 2 | P2: =IF(OR(I2="",O2=""),"",I2-O2) -> -2 | Q2: =IF(P2="","",IF(P2<0,"EXPOSED — act now",IF(P2<Settings!$B$2,"AMBER — plan migration","GREEN"))) -> EXPOSED — act now | R2: National CSIRT advisories; carrier fraud notices | S2: No | U2: Medium | V2: 46305 | W2: =IF(V2="","",EDATE(V2,Settings!$B$3)) -> 46487 | X2: ILLUSTRATIVE. Target: passkeys with no SMS fallback — migration counts recovery paths, not just login.
A3: EX-002 | B3: RSA-2048 / ECDH key exchange on VPN & TLS | C3: Client data in transit | D3: Infra lead | E3: Cost of factoring / discrete log at current key sizes | F3: Mixed | G3: Both | H3: Rising | I3: 8 | J3: 15 | K3: Low | L3: 5 | M3: Network appliances and vendor firmware supporting post-quantum / hybrid modes | N3: 7 | O3: =IF(AND(L3="",N3=""),"",N(L3)+N(N3)) -> 12 | P3: =IF(OR(I3="",O3=""),"",I3-O3) -> -4 | Q3: =IF(P3="","",IF(P3<0,"EXPOSED — act now",IF(P3<Settings!$B$2,"AMBER — plan migration","GREEN"))) -> EXPOSED — act now | R3: PQC standards and vendor roadmap announcements; CSIRT feeds | S3: No | U3: Medium | V3: 46305 | W3: =IF(V3="","",EDATE(V3,Settings!$B$3)) -> 46487 | X3: ILLUSTRATIVE. Mosca case: data harvested today must stay secret 7 yrs, so required time = migration + horizon.
A4: EX-003 | B4: FIDO2 hardware security keys for admin accounts | C4: Privileged access | D4: ISMS manager | E4: Non-exportable keys in a secure element + origin-bound credentials | F4: Discovered flaws | G4: Cliff | H4: Rising | I4: 10 | J4: 20 | K4: Medium | L4: 1 | M4: Key recall and re-issuance logistics | N4: 0 | O4: =IF(AND(L4="",N4=""),"",N(L4)+N(N4)) -> 1 | P4: =IF(OR(I4="",O4=""),"",I4-O4) -> 9 | Q4: =IF(P4="","",IF(P4<0,"EXPOSED — act now",IF(P4<Settings!$B$2,"AMBER — plan migration","GREEN"))) -> GREEN | R4: FIDO Alliance and vendor security advisories; CSIRT feeds | S4: Yes | T4: PLAN-EX-003 key recall & re-issue | U4: Low | V4: 46305 | W4: =IF(V4="","",EDATE(V4,Settings!$B$3)) -> 46487 | X4: ILLUSTRATIVE. Watch break-glass / recovery accounts — they are the real front door.
O5: =IF(AND(L5="",N5=""),"",N(L5)+N(N5)) | P5: =IF(OR(I5="",O5=""),"",I5-O5) | Q5: =IF(P5="","",IF(P5<0,"EXPOSED — act now",IF(P5<Settings!$B$2,"AMBER — plan migration","GREEN"))) | W5: =IF(V5="","",EDATE(V5,Settings!$B$3))
O6: =IF(AND(L6="",N6=""),"",N(L6)+N(N6)) | P6: =IF(OR(I6="",O6=""),"",I6-O6) | Q6: =IF(P6="","",IF(P6<0,"EXPOSED — act now",IF(P6<Settings!$B$2,"AMBER — plan migration","GREEN"))) | W6: =IF(V6="","",EDATE(V6,Settings!$B$3))
O7: =IF(AND(L7="",N7=""),"",N(L7)+N(N7)) | P7: =IF(OR(I7="",O7=""),"",I7-O7) | Q7: =IF(P7="","",IF(P7<0,"EXPOSED — act now",IF(P7<Settings!$B$2,"AMBER — plan migration","GREEN"))) | W7: =IF(V7="","",EDATE(V7,Settings!$B$3))
O8: =IF(AND(L8="",N8=""),"",N(L8)+N(N8)) | P8: =IF(OR(I8="",O8=""),"",I8-O8) | Q8: =IF(P8="","",IF(P8<0,"EXPOSED — act now",IF(P8<Settings!$B$2,"AMBER — plan migration","GREEN"))) | W8: =IF(V8="","",EDATE(V8,Settings!$B$3))
O9: =IF(AND(L9="",N9=""),"",N(L9)+N(N9)) | P9: =IF(OR(I9="",O9=""),"",I9-O9) | Q9: =IF(P9="","",IF(P9<0,"EXPOSED — act now",IF(P9<Settings!$B$2,"AMBER — plan migration","GREEN"))) | W9: =IF(V9="","",EDATE(V9,Settings!$B$3))
O10: =IF(AND(L10="",N10=""),"",N(L10)+N(N10)) | P10: =IF(OR(I10="",O10=""),"",I10-O10) | Q10: =IF(P10="","",IF(P10<0,"EXPOSED — act now",IF(P10<Settings!$B$2,"AMBER — plan migration","GREEN"))) | W10: =IF(V10="","",EDATE(V10,Settings!$B$3))
O11: =IF(AND(L11="",N11=""),"",N(L11)+N(N11)) | P11: =IF(OR(I11="",O11=""),"",I11-O11) | Q11: =IF(P11="","",IF(P11<0,"EXPOSED — act now",IF(P11<Settings!$B$2,"AMBER — plan migration","GREEN"))) | W11: =IF(V11="","",EDATE(V11,Settings!$B$3))
O12: =IF(AND(L12="",N12=""),"",N(L12)+N(N12)) | P12: =IF(OR(I12="",O12=""),"",I12-O12) | Q12: =IF(P12="","",IF(P12<0,"EXPOSED — act now",IF(P12<Settings!$B$2,"AMBER — plan migration","GREEN"))) | W12: =IF(V12="","",EDATE(V12,Settings!$B$3))
O13: =IF(AND(L13="",N13=""),"",N(L13)+N(N13)) | P13: =IF(OR(I13="",O13=""),"",I13-O13) | Q13: =IF(P13="","",IF(P13<0,"EXPOSED — act now",IF(P13<Settings!$B$2,"AMBER — plan migration","GREEN"))) | W13: =IF(V13="","",EDATE(V13,Settings!$B$3))
O14: =IF(AND(L14="",N14=""),"",N(L14)+N(N14)) | P14: =IF(OR(I14="",O14=""),"",I14-O14) | Q14: =IF(P14="","",IF(P14<0,"EXPOSED — act now",IF(P14<Settings!$B$2,"AMBER — plan migration","GREEN"))) | W14: =IF(V14="","",EDATE(V14,Settings!$B$3))
O15: =IF(AND(L15="",N15=""),"",N(L15)+N(N15)) | P15: =IF(OR(I15="",O15=""),"",I15-O15) | Q15: =IF(P15="","",IF(P15<0,"EXPOSED — act now",IF(P15<Settings!$B$2,"AMBER — plan migration","GREEN"))) | W15: =IF(V15="","",EDATE(V15,Settings!$B$3))
O16: =IF(AND(L16="",N16=""),"",N(L16)+N(N16)) | P16: =IF(OR(I16="",O16=""),"",I16-O16) | Q16: =IF(P16="","",IF(P16<0,"EXPOSED — act now",IF(P16<Settings!$B$2,"AMBER — plan migration","GREEN"))) | W16: =IF(V16="","",EDATE(V16,Settings!$B$3))
... O34: =IF(AND(L34="",N34=""),"",N(L34)+N(N34)) | P34: =IF(OR(I34="",O34=""),"",I34-O34) | Q34: =IF(P34="","",IF(P34<0,"EXPOSED — act now",IF(P34<Settings!$B$2,"AMBER — plan migration","GREEN"))) | W34: =IF(V34="","",EDATE(V34,Settings!$B$3))

Sheet Settings
A1: Setting | B1: Value | C1: Meaning | E1: Decay force | F1: Shape | G1: Payoff trend | H1: Confidence | I1: Yes/No | J1: Likelihood
A2: Amber threshold (years) | B2: 1 | C2: If the margin is ≥ 0 but below this, status is AMBER (start planning migration). | E2: Cheaper compute | F2: Slide | G2: Rising | H2: Low | I2: Yes | J2: Low
A3: Review cadence (months) | B3: 6 | C3: Next review = last review + this many months. | E3: Better models | F3: Cliff | G3: Stable | H3: Medium | I3: No | J3: Medium
E4: Published techniques | F4: Both | G4: Falling | H4: High | J4: High
E5: Discovered flaws
E6: Mixed
